CourseID,CourseName,Faculty,Credits,Semester,Year,Subject
1,MAM1000W,SCI,36,0,1,MAM
2,CSC3003S,SCI,36,2,3,CSC
3,CSC3002F,SCI,36,1,3,CSC
4,INF3014F,COM,18,1,3,INF
5,INF2009F,COM,18,1,2,INF
6,MAM2000W,SCI,48,0,2,MAM
7,MAM3000W,SCI,72,0,3,MAM
8,CSC2002S,SCI,24,2,2,CSC
9,CSC2003S,SCI,24,2,2,CSC
10,CSC2001F,SCI,24,1,2,CSC
11,STA1007S,SCI,18,2,1,STA
12,CEM1000W,SCI,36,0,1,CEM
13,PHY1023H,SCI,18,2,1,PHY
14,BIO3016S,SCI,36,2,3,BIO
15,BIO3013F,SCI,36,1,3,BIO
16,BIO2011S,SCI,24,2,2,BIO
17,BIO2010F,SCI,24,1,2,BIO
18,BIO2013F,SCI,24,1,2,BIO
19,BIO3015F,SCI,36,1,3,BIO
20,BIO3014S,SCI,36,2,3,BIO
21,HUB3006F,MED,36,1,3,HUB
22,HUB3007S,MED,36,2,3,HUB
23,MCB3023S,SCI,36,2,3,MCB
24,MCB3012Z,SCI,1,2,3,MCB
25,MCB3019F,SCI,36,1,3,MCB
26,PHI1024F,HUM,18,1,1,PHI
27,CSC1015F,SCI,18,1,1,CSC
28,PHY1031F,SCI,18,1,1,PHY
29,PHY1032S,SCI,18,2,1,PHY
30,MCB3020F,SCI,36,1,3,MCB
31,MCB3022S,SCI,36,2,3,MCB
32,AXL1400F,HUM,18,1,1,AXL
33,MCB3021F,SCI,36,1,3,MCB
34,MCB3024S,SCI,36,2,3,MCB
35,CSC3022H,SCI,36,2,3,CSC
36,CSC3020H,SCI,36,2,3,CSC
37,GEO2005X,SCI,24,2,2,GEO
38,GEO3005F,SCI,36,1,3,GEO
39,SEA2005S,SCI,24,2,2,SEA
40,EGS3012S,SCI,36,2,3,EGS
41,INF3011F,COM,18,1,3,INF
42,INF3012S,COM,18,2,3,INF
43,STA1000S,SCI,18,2,1,STA
44,MAM1043H,SCI,18,2,1,MAM
45,MAM1044H,SCI,18,2,1,MAM
46,GEO3001S,SCI,36,2,3,GEO
47,EGS2014S,SCI,24,2,2,EGS
48,EGS3020F,SCI,36,1,3,EGS
49,EGS2013F,SCI,24,1,2,EGS
50,EGS1003S,SCI,18,2,1,EGS
51,SLL1002S,HUM,18,2,1,SLL
52,PHY3021F,SCI,36,1,3,PHY
53,PHY3022S,SCI,36,2,3,PHY
54,BIO3017S,SCI,36,2,3,BIO
55,BIO2012S,SCI,24,2,2,BIO
56,STA1000F,SCI,18,1,1,STA
57,SLL1102S,HUM,18,2,1,SLL
58,SLL1101F,HUM,18,1,1,SLL
59,GEO2005XEWA,SCI,24,2,2,GEO
60,PHY2014F,SCI,24,1,2,PHY
61,MAM3040W,SCI,72,0,3,MAM
62,PHY2015S,SCI,24,2,2,PHY
63,MAM2046W,SCI,48,0,2,MAM
64,ECO3020F,COM,18,1,3,ECO
65,STA3043S,SCI,36,2,3,STA
66,ECO2007S,COM,18,2,2,ECO
67,AST1000F,SCI,18,1,1,AST
68,STA2005S,SCI,24,2,2,STA
69,STA2004F,SCI,24,1,2,STA
70,ECO3016F,COM,18,1,3,ECO
71,ECO3021S,COM,18,2,3,ECO
72,STA1006S,SCI,18,2,1,STA
73,ECO2003F,COM,18,1,2,ECO
74,MAM1019H,SCI,18,2,1,MAM
75,ECO2004S,COM,18,2,2,ECO
76,PHI2040S,HUM,24,2,2,PHI
77,CEM2007F,SCI,24,1,2,CEM
78,MCB2014F,SCI,24,1,2,MCB
79,MAM1004F,SCI,18,1,1,MAM
80,BIO1000F,SCI,18,1,1,BIO
81,BIO1004S,SCI,18,2,1,BIO
82,STA3041F,SCI,36,1,3,STA
83,ECO3024F,COM,18,1,3,ECO
84,CEM3005W,SCI,72,0,3,CEM
85,SLL2057F,HUM,24,1,2,SLL
86,MCB2019S,SCI,24,2,2,MCB
87,POL1006P,HUM,18,2,1,POL
88,AGE2011S,SCI,24,2,2,AGE
89,SLL3001F,HUM,30,1,3,SLL
90,SLL1002L,HUM,18,2,1,SLL
91,INF2011S,COM,18,2,2,INF
92,PSY3007S,HUM,30,2,3,PSY
93,PSY3010S,HUM,30,2,3,PSY
94,AGE3013H,SCI,36,2,3,AGE
95,AGE1002S,SCI,18,2,1,AGE
96,MAM3002H,SCI,36,2,3,MAM
97,AST2003H,SCI,24,2,2,AST
98,AST2002H,SCI,24,2,2,AST
99,SEA2004F,SCI,24,1,2,SEA
100,GEO2001F,SCI,24,1,2,GEO
101,CEM2008S,SCI,24,2,2,CEM
102,GEO2004S,SCI,24,2,2,GEO
103,ECO1011S,COM,18,2,1,ECO
104,MAM1006H,SCI,18,2,1,MAM
105,INF2006F,COM,6,1,2,INF
106,MAM1005H,SCI,18,2,1,MAM
107,ECO1010F,COM,18,1,1,ECO
108,CSC1016S,SCI,18,2,1,CSC
109,CON1017S,EBE,8,2,1,CON
110,AGE2012F,SCI,24,1,2,AGE
111,SLL1002F,HUM,18,1,1,SLL
112,STA2007F,SCI,24,1,2,STA
113,MAM3041H,SCI,36,2,3,MAM
114,MAM2004H,SCI,24,2,2,MAM
115,SLL3083S,HUM,30,2,3,SLL
116,SLL3082F,HUM,30,1,3,SLL
117,PSY3011S,HUM,30,2,3,PSY
118,PSY3008F,HUM,30,1,3,PSY
119,SLL2058F,HUM,24,1,2,SLL
120,MCB2016F,SCI,24,1,2,MCB
121,BUS3024S,COM,18,2,3,BUS
122,STA2020S,SCI,24,2,2,STA
123,SEA3004F,SCI,36,1,3,SEA
124,EGS3021F,SCI,36,1,3,EGS
125,EGS3022S,SCI,36,2,3,EGS
126,SLL1018S,HUM,18,2,1,SLL
127,AST3002F,SCI,36,1,3,AST
128,AST3003S,SCI,36,2,3,AST
129,ACC1006F,COM,18,1,1,ACC
130,STA3036S,SCI,36,2,3,STA
131,HST1004F,HUM,18,1,1,HST
132,HST2027S,HUM,24,2,2,HST
133,HST2034L,HUM,24,2,2,HST
134,SLL1042F,HUM,18,1,1,SLL
135,SOC1001F,HUM,18,1,1,SOC
136,PHI1025F,HUM,18,1,1,PHI
137,AXL2200S,HUM,24,2,2,AXL
138,SLL1016S,HUM,18,2,1,SLL
139,AGE3012S,SCI,36,2,3,AGE
140,SLL1131F,HUM,18,1,1,SLL
141,HUB2019F,MED,24,1,2,HUB
142,HUB2021S,MED,24,2,2,HUB
143,MCB2015S,SCI,24,2,2,MCB
144,SLL1097S,HUM,18,2,1,SLL
145,FAM1000L,HUM,18,2,1,FAM
146,EEE3081F,EBE,10,1,3,EEE
147,EEE4087F,EBE,20,1,4,EEE
148,EEE3078W,EBE,44,0,3,EEE
149,MEC4022Z,EBE,8,2,4,MEC
150,EEE4084F,EBE,20,1,4,EEE
151,EEE4051F,EBE,8,1,4,EEE
152,EEE4006F,EBE,8,1,4,EEE
153,EEE4036C,EBE,8,2,4,EEE
154,PSY2006F,HUM,24,1,2,PSY
155,PSY2011F,HUM,24,1,2,PSY
156,GEO1009F,SCI,18,1,1,GEO
157,AGE3011F,SCI,36,1,3,AGE
158,MCB3025F,SCI,36,1,3,MCB
159,STA2020F,SCI,24,1,2,STA
160,BUS3018F,COM,18,1,3,BUS
161,STA3045F,SCI,36,1,3,STA
162,SLL3053S,HUM,30,2,3,SLL
163,SLL1060F,HUM,18,1,1,SLL
164,PSY3009F,HUM,30,1,3,PSY
165,FTX2024S,COM,18,2,2,FTX
166,BIO3002F,SCI,36,1,3,BIO
167,STA2030S,SCI,24,2,2,STA
168,REL1002F,HUM,18,1,1,REL
169,FAM1000S,HUM,18,2,1,FAM
170,SLL1061S,HUM,18,2,1,SLL
171,SLL1073F,HUM,18,1,1,SLL
172,PHI2042P,HUM,24,2,2,PHI
173,SOC2004S,HUM,24,2,2,SOC
174,SLL1020F,HUM,18,1,1,SLL
175,POL2002S,HUM,24,2,2,POL
176,SLL1051S,HUM,18,2,1,SLL
177,FAM2004F,HUM,24,1,2,FAM
178,SLL1050F,HUM,18,1,1,SLL
179,MAM3003S,SCI,36,2,3,MAM
180,STA3030F,SCI,36,1,3,STA
181,CHE1005W,EBE,44,0,1,CHE
182,SOC2030F,HUM,24,1,2,SOC
183,SWK2013S,HUM,24,2,2,SWK
184,SLL1002P,HUM,18,2,1,SLL
185,PHI2044F,HUM,24,1,2,PHI
186,FTX2000S,COM,18,2,2,FTX
187,SWK2001F,HUM,24,1,2,SWK
188,HST2028F,HUM,24,1,2,HST
189,MCB2020F,SCI,24,1,2,MCB
190,MCB2021F,SCI,24,1,2,MCB
191,APG3011S,EBE,24,2,3,APG
192,APG3012S,EBE,24,2,3,APG
193,SLL1122S,HUM,18,2,1,SLL
194,SLL1121F,HUM,18,1,1,SLL
195,MCB2017S,SCI,24,2,2,MCB
196,CML1001L,LAW,18,2,1,CML
197,CML2010S,LAW,18,2,2,CML
198,ECO1010S,COM,18,2,1,ECO
199,SLL2055S,HUM,24,2,2,SLL
200,STA2007H,SCI,24,2,2,STA
201,PHI2043S,HUM,18,2,2,PHI
202,STA3022F,SCI,36,1,3,STA
203,INF2010S,COM,18,2,2,INF
204,SLL3067H,HUM,30,2,3,SLL
205,PHY1013F,SCI,16,1,1,PHY
206,MCB2018F,SCI,24,1,2,MCB
207,PHI1010S,HUM,18,2,1,PHI
208,PSY2010S,HUM,24,2,2,PSY
209,MAM1004H,SCI,18,2,1,MAM
210,PHI2041S,HUM,24,2,2,PHI
211,PHY1004W,SCI,36,0,1,PHY
212,SLL3060F,HUM,30,1,3,SLL
213,MAM3048H,SCI,36,2,3,MAM
214,MAM2002S,SCI,24,2,2,MAM
215,ECO3009F,COM,18,1,3,ECO
216,ECO3022S,COM,18,2,3,ECO
217,ECO3025S,COM,18,2,3,ECO
218,ELL1013F,HUM,18,1,1,ELL
219,EEE3077W,EBE,36,0,3,EEE
220,CML1004S,LAW,18,2,1,CML
221,HST1010S,HUM,18,2,1,HST
222,FAM1001F,HUM,18,1,1,FAM
223,EEE2026S,EBE,20,2,2,EEE
224,SLL1075F,HUM,18,1,1,SLL
225,EEE2040F,EBE,24,1,2,EEE
226,ECO2008S,COM,18,2,2,ECO
227,PHI2012P,HUM,24,2,2,PHI
228,INF1002F,COM,18,1,1,INF
229,INF1002S,COM,18,2,1,INF
230,PHI3023F,HUM,30,1,3,PHI
231,PHI3024S,HUM,30,2,3,PHI
232,FTX2024SEWA,COM,0,2,2,FTX
233,BUS3039F,COM,18,1,3,BUS
234,MCB2023S,SCI,24,2,2,MCB
235,MAM2047H,SCI,24,2,2,MAM
236,HST2039S,HUM,24,2,2,HST
237,SLL1076S,HUM,18,2,1,SLL
238,MAM1004S,SCI,18,2,1,MAM
239,ELL1010S,HUM,18,2,1,ELL
240,BIO1000H,SCI,18,2,1,BIO
241,CEM1009H,SCI,18,2,1,CEM
242,PSY1004F,HUM,18,1,1,PSY
243,PHI2012F,HUM,24,1,2,PHI
244,PHY2004W,SCI,48,0,2,PHY
245,ECO2003P,COM,18,2,2,ECO
246,STA1000P,SCI,18,2,1,STA
247,SLL2056S,HUM,24,2,2,SLL
248,SLL1055S,HUM,18,2,1,SLL
249,HST1005F,HUM,18,1,1,HST
250,SLL2061S,HUM,24,2,2,SLL
251,SLL2060F,HUM,24,1,2,SLL
252,SLL3085S,HUM,30,2,3,SLL
253,SLL3084F,HUM,30,1,3,SLL
254,PSY2009F,HUM,24,1,2,PSY
255,PHI2042F,HUM,24,1,2,PHI
256,MCB3026F,SCI,36,1,3,MCB
257,MCB2022S,SCI,24,2,2,MCB
258,SLL2025F,HUM,24,1,2,SLL
259,SLL1021S,HUM,18,2,1,SLL
260,STA1000L,SCI,18,2,1,STA
261,GEO1006S,SCI,18,2,1,GEO
262,SLL3074S,HUM,30,2,3,SLL
263,SLL3073F,HUM,30,1,3,SLL
264,BUS2035S,COM,18,2,2,BUS
265,BUS1004W,COM,36,0,1,BUS
266,CSC1011H,SCI,18,2,1,CSC
267,AGE1004S,SCI,18,2,1,AGE
268,PSY1005S,HUM,18,2,1,PSY
269,ECO3023S,COM,18,2,3,ECO
270,ECO2004P,COM,18,2,2,ECO
271,EEE3079W,EBE,28,0,3,EEE
272,PSY2003S,HUM,24,2,2,PSY
273,SLL2102S,HUM,24,2,2,SLL
274,SLL2101F,HUM,24,1,2,SLL
275,PHY1032F,SCI,18,1,1,PHY
276,MUZ1357F,HUM,9,1,1,MUZ
277,SLL2026S,HUM,24,2,2,SLL
278,AXL1300F,HUM,18,1,1,AXL
279,HST2011S,HUM,24,2,2,HST
280,MUZ3260H,HUM,36,2,3,MUZ
281,MUZ3261H,HUM,30,2,3,MUZ
282,PHI2037F,HUM,24,1,2,PHI
283,AXL1401S,HUM,18,2,1,AXL
284,FAM1001P,HUM,18,2,1,FAM
285,SLL3056S,HUM,30,2,3,SLL
286,CEM1010F,SCI,18,1,1,CEM
287,SLL1062F,HUM,18,1,1,SLL
288,PHI2043P,HUM,18,2,2,PHI
289,SLL1042S,HUM,18,2,1,SLL
290,SLL2074S,HUM,24,2,2,SLL
291,SLL2073F,HUM,24,1,2,SLL
292,AXL2103S,HUM,24,2,2,AXL
293,BUS2033F,COM,18,1,2,BUS
294,SLL3065S,HUM,30,2,3,SLL
295,SLL2065S,HUM,24,2,2,SLL
296,SLL3064F,HUM,30,1,3,SLL
297,SLL2064F,HUM,24,1,2,SLL
298,SOC1005S,HUM,18,2,1,SOC
299,BUS1004F,COM,18,1,1,BUS
300,FTX1004S,COM,18,2,1,FTX
301,EEE2039W,EBE,36,0,2,EEE
302,EEE2035F,EBE,12,1,2,EEE
303,BUS2016H,COM,18,2,2,BUS
304,FTX3045S,COM,18,2,3,FTX
305,BUS2033S,COM,18,2,2,BUS
306,FTX3044F,COM,18,1,3,FTX
307,POL2038F,HUM,24,1,2,POL
308,POL1004F,HUM,18,1,1,POL
309,POL1005S,HUM,18,2,1,POL
310,HST2037S,HUM,24,2,2,HST
311,HST3038F,HUM,30,1,3,HST
312,HST3039H,HUM,30,2,3,HST
313,ACC1012S,COM,18,2,1,ACC
314,INF2007F,COM,12,1,2,INF
315,BUS1036S,COM,18,2,1,BUS
316,PSY1007S,HUM,18,2,1,PSY
317,PSY1006F,HUM,18,1,1,PSY
318,MAM2083F,SCI,16,1,2,MAM
319,MAM2084S,SCI,16,2,2,MAM
320,ELL2015S,HUM,24,2,2,ELL
321,PHI2043F,HUM,18,1,2,PHI
322,AXL1100S,HUM,18,2,1,AXL
323,ELL1016S,HUM,18,2,1,ELL
324,SLL1057F,HUM,18,1,1,SLL
325,REL1012F,HUM,18,1,1,REL
326,REL2052S,HUM,24,2,2,REL
327,SOC3007F,HUM,30,1,3,SOC
328,SOC3031S,HUM,30,2,3,SOC
329,HST2034P,HUM,24,2,2,HST
330,MAM2048H,SCI,24,2,2,MAM
331,AGE3006H,SCI,36,2,3,AGE
332,MEC1000X,EBE,0,2,1,MEC
333,MEC1002W,EBE,16,0,1,MEC
334,MAM1042S,SCI,16,2,1,MAM
335,MEC1004W,EBE,32,0,1,MEC
336,ECO1011F,COM,18,1,1,ECO
337,SLL1058F,HUM,18,1,1,SLL
338,PHY1013S,SCI,16,2,1,PHY
339,PHY1012F,SCI,16,1,1,PHY
340,AXL2403S,HUM,24,2,2,AXL
341,ACC2011S,COM,18,2,2,ACC
342,CML2005L,LAW,18,2,2,CML
343,HST3022H,HUM,30,2,3,HST
344,HST3026S,HUM,30,2,3,HST
345,HST3005F,HUM,30,1,3,HST
346,HST2038F,HUM,24,1,2,HST
347,SLL2059F,HUM,24,1,2,SLL
348,ELL3005F,HUM,30,1,3,ELL
349,ELL3009S,HUM,30,2,3,ELL
350,ELL2007F,HUM,24,1,2,ELL
351,CSC1010H,SCI,18,2,1,CSC
352,REL1006S,HUM,18,2,1,REL
353,AXL1301S,HUM,18,2,1,AXL
354,SLL1074S,HUM,18,2,1,SLL
355,CEM1010H,SCI,18,2,1,CEM
356,FTX2020F,COM,18,1,2,FTX
357,SLL1059S,HUM,18,2,1,SLL
358,CEM2005W,SCI,48,0,2,CEM
359,SLL3061S,HUM,30,2,3,SLL
360,CSC2005Z,SCI,24,2,2,CSC
361,EGS1004S,SCI,18,2,1,EGS
362,REL3037F,HUM,30,1,3,REL
363,REL2049S,HUM,24,2,2,REL
364,REL3041S,HUM,30,2,3,REL
365,REL2048S,HUM,24,2,2,REL
366,HST2043S,HUM,24,2,2,HST
367,SLL2121F,HUM,24,1,2,SLL
368,BIO1004F,SCI,18,1,1,BIO
369,PHI2016S,HUM,24,2,2,PHI
370,MAM1012S,SCI,18,2,1,MAM
371,POL1004P,HUM,18,2,1,POL
372,SLL2122S,HUM,24,2,2,SLL
373,SLL2076S,HUM,24,2,2,SLL
374,SLL2075F,HUM,24,1,2,SLL
375,SLL3057F,HUM,30,1,3,SLL
376,AGE1004H,SCI,18,2,1,AGE
377,SLL1022F,HUM,18,1,1,SLL
378,BUS1007S,COM,18,2,1,BUS
379,APG1016F,EBE,18,1,1,APG
380,PBL5602S,LAW,30,2,5,PBL
381,ACC1006S,COM,18,2,1,ACC
382,BUS2010S,COM,18,2,2,BUS
383,MAM1010S,SCI,18,2,1,MAM
384,SLL2041S,HUM,24,2,2,SLL
385,EEE3064W,EBE,16,0,3,EEE
386,SLL3070W,HUM,60,0,3,SLL
387,SLL1063S,HUM,18,2,1,SLL
388,FAM2013S,HUM,24,2,2,FAM
389,ELL2014F,HUM,24,1,2,ELL
390,ELL2010S,HUM,24,2,2,ELL
391,REL1012S,HUM,18,2,1,REL
392,SLL1052F,HUM,18,1,1,SLL
393,FIN1009S,HUM,18,2,1,FIN
394,HST1012S,HUM,18,2,1,HST
395,INF1003S,COM,18,2,1,INF
396,SLL2082F,HUM,24,1,2,SLL
397,SLL2083S,HUM,24,2,2,SLL
398,APG2018X,EBE,4,2,2,APG
399,APG2015F,EBE,24,1,2,APG
400,SLL2063S,HUM,24,2,2,SLL
401,SLL2062F,HUM,24,1,2,SLL
402,CML1001F,LAW,18,1,1,CML
403,FAM2000F,HUM,24,1,2,FAM
404,FAM3001S,HUM,30,2,3,FAM
405,FAM3000F,HUM,30,1,3,FAM
406,FAM2003S,HUM,24,2,2,FAM
407,SLL3076S,HUM,30,2,3,SLL
408,SLL3075F,HUM,30,1,3,SLL
409,SLL3066H,HUM,30,2,3,SLL
410,MUZ1343H,HUM,18,2,1,MUZ
411,MUZ2373H,HUM,24,2,2,MUZ
412,MAM3004Z,SCI,18,2,3,MAM
413,HST1014S,HUM,18,2,1,HST
414,MUZ1269H,HUM,21,2,1,MUZ
415,MUZ2269H,HUM,24,2,2,MUZ
416,SLL1064F,HUM,18,1,1,SLL
417,ECO1006F,COM,18,1,1,ECO
418,MUZ1367F,HUM,18,1,1,MUZ
419,SOC1007S,HUM,18,2,1,SOC
420,DRM1028S,HUM,18,2,1,DRM
421,SLL1023S,HUM,18,2,1,SLL
422,SOC2019S,HUM,24,2,2,SOC
423,AXL2102S,HUM,24,2,2,AXL
424,CSC1016SEWA,SCI,18,2,1,CSC
425,CSC1015FEWA,SCI,18,2,1,CSC
426,END1019L,EBE,18,2,1,END
427,DRM1027F,HUM,18,1,1,DRM
428,MAM1004SEWA,SCI,18,2,1,MAM
429,PHY1012S,SCI,18,2,1,PHY
430,HST1013F,HUM,18,1,1,HST
431,ELL1009F,HUM,18,1,1,ELL
432,SWK1004S,HUM,18,2,1,SWK
433,MUZ1338H,HUM,18,2,1,MUZ
434,MAM1008S,SCI,18,2,1,MAM
