﻿MajorID,MajorCode,Faculty
1,ACC,COM
2,AGE,SCI
3,AHS,MED
4,APG,EBE
5,AST,SCI
6,AXL,HUM
7,BIO,SCI
8,BUS,COM
9,CEM,SCI
10,CHE,EBE
11,CIV,EBE
12,CML,LAW
13,CON,EBE
15,CSC,SCI
16,DOH,HUM
17,DOM,MED
18,DRM,HUM
14,EBE,EBE
19,ECO,COM
20,EDN,HUM
21,EEE,EBE
22,EGS,SCI
23,ELL,HUM
24,EMS,CHED
25,FAM,HUM
26,FIN,HUM
27,FTX,COM
28,GEO,SCI
29,GPP,COM
30,GSB,COM
31,HSE,MED
32,HST,HUM
33,HUB,MED
34,IBS,MED
35,INF,COM
43,LAW,LAW
36,MAM,SCI
37,MCB,SCI
38,MDN,MED
39,MEC,EBE
40,MUZ,HUM
41,PBL,LAW
42,PED,MED
44,PHI,HUM
45,PHY,SCI
46,POL,HUM
47,PPH,MED
48,PRY,MED
49,PSY,HUM
50,PTY,MED
51,RAY,MED
52,RDL,LAW
53,REL,HUM
54,SEA,SCI
55,SLL,HUM
56,SOC,HUM
57,STA,SCI
58,SWK,HUM
